"Date","RegionName","State","SizeRank","Zri","MoM","QoQ","YoY","ZriRecordCnt"
2019-09-30,"United States",,0,1597,0.002395,0.011178,0.021739,104443285
2019-09-30,"New York, NY","NY",1,2289,0.002508,0.007905,0.01016,5482247
2019-09-30,"Los Angeles-Long Beach-Anaheim, CA","CA",2,2612,0.002877,0.008136,0.004216,3225609
2019-09-30,"Chicago, IL","IL",3,1620,0.002816,0.013633,0.028302,2940925
2019-09-30,"Dallas-Fort Worth, TX","TX",4,1444,0.00222,0.008644,0.017046,2319996
2019-09-30,"Philadelphia, PA","PA",5,1502,0.002999,0.014052,0.032951,2105833
2019-09-30,"Houston, TX","TX",6,1379,0.000656,0.004779,0.00036,2104071
2019-09-30,"Washington, DC","DC",7,1983,0.004162,0.017024,0.027951,2081935
2019-09-30,"Miami-Fort Lauderdale, FL","FL",8,1856,0.001854,0.005821,0.027668,2729016
2019-09-30,"Atlanta, GA","GA",9,1459,0.003229,0.014102,0.046163,2212391
2019-09-30,"Boston, MA","MA",10,2429,0.005739,0.025691,0.046653,1671394
2019-09-30,"San Francisco, CA","CA",11,3168,0.000641,0.005767,0.017119,1615676
2019-09-30,"Detroit, MI","MI",12,1222,0.00649,0.024267,0.032029,1612756
2019-09-30,"Riverside, CA","CA",13,1913,0.002009,0.00689,0.034318,1350407
2019-09-30,"Phoenix, AZ","AZ",14,1416,0.007275,0.026226,0.061885,1684072
2019-09-30,"Seattle, WA","WA",15,2043,0.003801,0.018699,0.025002,1314051
2019-09-30,"Minneapolis-St Paul, MN","MN",16,1497,0.0015,0.010347,0.014987,1190483
2019-09-30,"San Diego, CA","CA",17,2527,0.003193,0.015655,0.034213,908700
2019-09-30,"St. Louis, MO","MO",18,1010,0.002143,0.013517,0.017214,1022901
2019-09-30,"Tampa, FL","FL",19,1397,0.00294,0.011303,0.035959,1227587
2019-09-30,"Baltimore, MD","MD",20,1610,0.002351,0.008825,0.005054,958269
2019-09-30,"Denver, CO","CO",21,1782,0.001372,0.010111,0.018146,1025532
2019-09-30,"Pittsburgh, PA","PA",22,1097,-0.001858,0.002329,0.014921,753316
2019-09-30,"Portland, OR","OR",23,1662,0.005892,0.016019,0.000453,776026
2019-09-30,"Charlotte, NC","NC",24,1332,0.005194,0.018162,0.044205,840600
2019-09-30,"Sacramento, CA","CA",25,1799,0.00407,0.016885,0.042776,720582
2019-09-30,"San Antonio, TX","TX",26,1216,0.000998,0.007474,0.010141,764878
2019-09-30,"Orlando, FL","FL",27,1422,0.003856,0.015452,0.037314,908830
2019-09-30,"Cincinnati, OH","OH",28,1158,0.007272,0.022916,0.043181,703056
2019-09-30,"Cleveland, OH","OH",29,1073,0.003206,0.01275,0.044203,786496
2019-09-30,"Kansas City, MO","MO",30,1122,0.001781,0.010557,0.019156,776979
2019-09-30,"Las Vegas, NV","NV",31,1340,0.005907,0.022555,0.063918,833044
2019-09-30,"Columbus, OH","OH",32,1185,0.001135,0.002216,0.009146,681175
2019-09-30,"Indianapolis, IN","IN",33,1094,-0.000094,0.011583,0.01611,721286
2019-09-30,"San Jose, CA","CA",34,3332,0.000947,0.007191,0.003239,517918
2019-09-30,"Austin, TX","TX",35,1595,0.004021,0.016354,0.029252,717228
2019-09-30,"Virginia Beach, VA","VA",36,1341,0.003328,0.010921,0.020027,638704
2019-09-30,"Nashville, TN","TN",37,1446,0.001994,0.010723,0.021039,741332
2019-09-30,"Providence, RI","RI",38,1432,0.002683,0.010017,0.026943,556523
2019-09-30,"Milwaukee, WI","WI",39,1088,-0.000192,0.00324,0.026182,268373
2019-09-30,"Jacksonville, FL","FL",40,1350,0.002406,0.013136,0.040375,590531
2019-09-30,"Memphis, TN","TN",41,1051,0.004126,0.01709,0.038218,452809
2019-09-30,"Oklahoma City, OK","OK",42,938,0.001416,0.008615,0.022186,485988
2019-09-30,"Louisville-Jefferson County, KY","KY",43,1094,0.006304,0.030174,0.035158,426544
2019-09-30,"Hartford, CT","CT",44,1337,0.002084,0.008775,0.014027,639415
2019-09-30,"Richmond, VA","VA",45,1324,0.002319,0.013145,0.022789,484258
2019-09-30,"New Orleans, LA","LA",46,1280,0.001211,0.009327,0.012349,120063
2019-09-30,"Buffalo, NY","NY",47,1014,0.001375,0.010452,0.002793,401482
2019-09-30,"Raleigh, NC","NC",48,1290,0.002488,0.013216,0.021896,462518
2019-09-30,"Birmingham, AL","AL",49,1058,-0.000079,0.008207,0.024775,394097
2019-09-30,"Salt Lake City, UT","UT",50,1504,0.004545,0.01408,0.026854,391180
2019-09-30,"Rochester, NY","NY",51,1212,0.000092,0.000158,0.015011,367543
2019-09-30,"Grand Rapids, MI","MI",52,1323,0.001801,0.011924,0.014093,281853
2019-09-30,"Tucson, AZ","AZ",53,1237,0.002701,0.014911,0.048991,329404
2019-09-30,"Urban Honolulu, HI","HI",54,2360,0.002101,0.007558,0.005972,311906
2019-09-30,"Tulsa, OK","OK",55,920,0.002326,0.014969,0.0257,344446
2019-09-30,"Fresno, CA","CA",56,1308,0.004801,0.017654,0.048531,243370
2019-09-30,"Worcester, MA","MA",57,1414,0.000879,0.006369,0.039483,339345
2019-09-30,"Stamford, CT","CT",58,2038,0.006198,0.020137,0.016382,469884
2019-09-30,"Albuquerque, NM","NM",59,1146,0.006006,0.020742,0.005631,289153
2019-09-30,"Albany, NY","NY",60,1295,-0.004665,-0.009136,-0.006004,295925
2019-09-30,"Omaha, NE","NE",61,1167,-0.002077,0.002607,-0.013049,283481
2019-09-30,"New Haven, CT","CT",62,1330,0.003657,0.009267,-0.002991,376537
2019-09-30,"Bakersfield, CA","CA",63,1188,0.006184,0.017792,0.036938,238823
2019-09-30,"Knoxville, TN","TN",64,1157,0.005646,0.021769,0.052965,323833
2019-09-30,"Greenville, SC","SC",65,1115,0.004883,0.016883,0.046224,204827
2019-09-30,"Ventura, CA","CA",66,2607,0.00291,0.011815,0.011315,239396
2019-09-30,"Allentown, PA","PA",67,1305,0.004194,0.012497,0.013253,312990
2019-09-30,"El Paso, TX","TX",68,938,0.002867,0.009345,-0.000577,243734
2019-09-30,"Baton Rouge, LA","LA",69,1189,-0.006477,-0.010687,-0.002557,89887
2019-09-30,"Dayton, OH","OH",70,960,0.00147,0.033367,0.087045,293879
2019-09-30,"McAllen, TX","TX",71,826,-0.001194,-0.004342,-0.013818,203284
2019-09-30,"Columbia, SC","SC",72,1063,0.000329,0.001691,0.025462,257385
2019-09-30,"Greensboro, NC","NC",73,884,0.00622,0.02056,0.032953,260398
2019-09-30,"Akron, OH","OH",74,998,-0.001553,-0.001996,0.036126,260390
2019-09-30,"North Port-Sarasota-Bradenton, FL","FL",75,1745,-0.005496,-0.019028,0.024031,415300
2019-09-30,"Little Rock, AR","AR",76,830,-0.004514,0.002675,0.011373,245454
2019-09-30,"Stockton, CA","CA",77,1641,0.010526,0.023332,0.046997,204220
2019-09-30,"Charleston, SC","SC",78,1608,0.000156,0.001806,0.032963,275306
2019-09-30,"Syracuse, NY","NY",79,1141,0.001324,0.02072,0.002652,226286
2019-09-30,"Colorado Springs, CO","CO",80,1452,0.003928,0.017133,0.036996,275358
2019-09-30,"Winston-Salem, NC","NC",81,977,0.005167,0.018898,0.056395,223489
2019-09-30,"Wichita, KS","KS",82,839,0.002623,0.010898,0.004637,233421
2019-09-30,"Springfield, MA","MA",83,1287,-0.00076,-0.004129,-0.012106,197314
2019-09-30,"Fort Myers, FL","FL",84,1538,-0.003374,-0.004364,0.017151,390430
2019-09-30,"Boise City, ID","ID",85,1373,0.011588,0.036863,0.070788,265570
2019-09-30,"Toledo, OH","OH",86,922,0.005296,0.019128,0.038588,203948
2019-09-30,"Madison, WI","WI",87,1359,0.001413,0.00501,0.002771,115224
2019-09-30,"Lakeland, FL","FL",88,1202,0.003769,0.013581,0.048194,228025
2019-09-30,"Ogden, UT","UT",89,1351,0.004673,0.013444,0.016331,206855
2019-09-30,"Daytona Beach, FL","FL",90,1442,0.004167,0.013481,0.047359,284608
2019-09-30,"Des Moines, IA","IA",91,1119,0.003033,0.004392,-0.010679,233650
2019-09-30,"Jackson, MS","MS",92,1029,0.010628,0.034265,-0.003748,176191
2019-09-30,"Youngstown, OH","OH",93,740,-0.001765,0.009662,0.013542,170880
2019-09-30,"Augusta, GA","GA",94,1017,0.022399,0.055341,0.105897,198802
2019-09-30,"Scranton, PA","PA",95,989,0.007724,0.035789,0.048732,13941
2019-09-30,"Harrisburg, PA","PA",96,1146,-0.006176,-0.006127,0.034867,201628
2019-09-30,"Melbourne, FL","FL",97,1450,0.000599,0.005823,0.038753,268377
2019-09-30,"Chattanooga, TN","TN",98,1153,0.000503,0.012241,0.046869,203967
2019-09-30,"Spokane, WA","WA",99,1241,-0.000137,0.013458,0.046971,192414
2019-09-30,"Provo, UT","UT",100,1297,0.002809,0.008528,0.021714,162707
2019-09-30,"Lancaster, PA","PA",101,1183,0.005387,0.018028,0.018512,187219
2019-09-30,"Modesto, CA","CA",102,1524,0.006049,0.030885,0.064249,150912
2019-09-30,"Portland, ME","ME",103,1698,0.002086,0.034942,0.01678,208915
2019-09-30,"Durham, NC","NC",104,1313,0.001839,0.015792,0.049254,195794
2019-09-30,"Santa Rosa, CA","CA",105,2664,0.00275,0.007258,-0.027248,155754
2019-09-30,"Lexington, KY","KY",106,1075,0.001432,0.013035,0.042548,152680
2019-09-30,"Lafayette, LA","LA",107,941,-0.002917,-0.023589,-0.128539,25357
2019-09-30,"Lansing, MI","MI",108,992,0.005844,0.02226,-0.032823,123141
2019-09-30,"Fayetteville, AR","AR",109,1051,0.000582,0.008668,0.008305,164342
2019-09-30,"Pensacola, FL","FL",110,1247,0.006508,0.014814,0.05266,189738
2019-09-30,"Visalia, CA","CA",111,1160,0.002248,0.014722,0.031728,105929
2019-09-30,"Shreveport, LA","LA",112,940,-0.005622,-0.002897,0.017617,51095
2019-09-30,"Springfield, MO","MO",113,799,-0.001322,0.014423,0.037614,170231
2019-09-30,"York, PA","PA",114,1176,0.002613,0.013219,0.061892,154630
2019-09-30,"Corpus Christi, TX","TX",115,1328,0.001473,0.00983,-0.001277,153615
2019-09-30,"Flint, MI","MI",116,865,-0.000067,0.002227,0.046417,149687
2019-09-30,"Reno, NV","NV",117,1648,0.005995,0.018572,0.045867,162524
2019-09-30,"Asheville, NC","NC",118,1387,-0.001136,0.002198,0.024841,175902
2019-09-30,"Port St. Lucie, FL","FL",119,1608,0.003091,0.005333,0.031943,214846
2019-09-30,"Santa Maria-Santa Barbara, CA","CA",120,2860,0.007043,0.018996,0.041169,105475
2019-09-30,"Huntsville, AL","AL",121,1027,0.009445,0.027844,0.067233,163989
2019-09-30,"Fort Wayne, IN","IN",122,973,0.006898,0.012688,0.016061,151667
2019-09-30,"Salinas, CA","CA",123,2588,0.009046,0.027769,0.03838,107313
2019-09-30,"Vallejo, CA","CA",124,2153,0.003694,0.021703,0.057142,134382
2019-09-30,"Mobile, AL","AL",125,889,0.00501,0.024984,0.010842,145689
2019-09-30,"Reading, PA","PA",126,1179,0.004638,0.020418,0.020352,136897
2019-09-30,"Brownsville, TX","TX",127,993,-0.003486,0.011587,0.058191,121034
2019-09-30,"Killeen, TX","TX",128,908,0.009717,0.031586,0.047909,131973
2019-09-30,"Canton, OH","OH",129,810,0.002156,0.013151,0.026911,152979
2019-09-30,"Beaumont, TX","TX",130,1049,-0.002265,0.011111,-0.023516,129546
2019-09-30,"Manchester, NH","NH",131,1524,0.010598,0.022179,0.037836,148264
2019-09-30,"Salem, OR","OR",132,1434,0.008967,0.016677,0.042297,103615
2019-09-30,"Anchorage, AK","AK",133,1524,0.000659,0.002091,0.003163,144270
2019-09-30,"Davenport, IL","IL",134,894,0.00029,0.006488,0.003098,133452
2019-09-30,"Peoria, IL","IL",135,841,0.000023,0.006354,0.005711,128685
2019-09-30,"Myrtle Beach, SC","SC",136,1287,0.006843,0.019279,0.003561,287485
2019-09-30,"Montgomery, AL","AL",137,838,0.000033,0.00198,0.003886,132893
2019-09-30,"Salisbury, MD","DE",138,1440,-0.004017,0.024012,0.031045,192012
2019-09-30,"Gulfport, MS","MS",139,1056,0.002754,0.012913,0.045637,135514
2019-09-30,"Tallahassee, FL","FL",140,1073,0.00072,0.013248,0.048308,118892
2019-09-30,"Trenton, NJ","NJ",141,1665,0.002045,0.007077,0.014327,117672
2019-09-30,"Fayetteville, NC","NC",142,861,0.002821,0.010963,0.030404,132048
2019-09-30,"Hickory, NC","NC",143,1054,0.004616,0.015677,0.06502,119046
2019-09-30,"Huntington, WV","WV",144,868,-0.003886,-0.000259,-0.014445,117093
2019-09-30,"Eugene, OR","OR",145,1410,0.004864,0.026837,0.051551,115582
2019-09-30,"Rockford, IL","IL",146,950,-0.000411,-0.003918,0.02302,114219
2019-09-30,"Savannah, GA","GA",147,1296,0.003208,0.022002,0.039715,141061
2019-09-30,"Ann Arbor, MI","MI",148,1581,-0.02485,-0.011886,-0.037385,110167
2019-09-30,"Ocala, FL","FL",149,1134,0.008335,0.028877,0.058612,144262
2019-09-30,"Kalamazoo, MI","MI",150,1162,-0.020086,-0.017797,-0.022862,78243
2019-09-30,"Naples, FL","FL",151,2869,-0.020282,-0.09162,0.052582,244490
2019-09-30,"South Bend, IN","IN",152,955,-0.005644,-0.001145,-0.011467,102677
2019-09-30,"Spartanburg, SC","SC",153,1007,0.009043,0.038659,0.041458,105147
2019-09-30,"Evansville, IN","IN",154,892,0.002481,0.019804,0.016178,113630
2019-09-30,"Kingsport, TN","TN",155,931,0.003056,0.013396,0.022039,113375
2019-09-30,"Roanoke, VA","VA",156,1016,-0.003322,-0.003366,-0.008896,118753
2019-09-30,"Green Bay, WI","WI",157,1007,0.012852,0.042673,0.064634,11795
2019-09-30,"Lincoln, NE","NE",158,1050,-0.002477,0.002164,-0.013132,104350
2019-09-30,"Fort Collins, CO","CO",159,1646,-0.000587,0.003275,0.01778,132162
2019-09-30,"Utica, NY","NY",160,915,0.004619,-0.02357,-0.095847,99186
2019-09-30,"Columbus, GA","GA",161,839,0.002244,0.009332,0.005564,96555
2019-09-30,"Boulder, CO","CO",162,1946,0.000166,0.001492,0.011804,124225
2019-09-30,"Lubbock, TX","TX",163,1011,-0.002157,0.004853,0.003285,96683
2019-09-30,"Erie, PA","PA",164,847,0.003974,0.011917,-0.015848,83717
2019-09-30,"Fort Smith, AR","AR",165,722,-0.006998,-0.020441,-0.054136,62870
2019-09-30,"Duluth, MN","MN",166,970,-0.012501,-0.038637,-0.036125,76622
2019-09-30,"Atlantic City, NJ","NJ",167,1388,-0.006547,0.004706,0.025745,117327
2019-09-30,"New London, CT","CT",168,1288,0.011422,0.023416,0.014019,108568
2019-09-30,"San Luis Obispo, CA","CA",169,2425,-0.008432,-0.010831,0.014343,85720
2019-09-30,"Gainesville, FL","FL",170,1153,0.006674,0.020074,0.05731,85802
2019-09-30,"Santa Cruz, CA","CA",171,3088,0.001214,0.013697,0.01946,76664
2019-09-30,"Clarksville, TN","TN",172,896,0.006291,0.01281,-0.01692,92919
2019-09-30,"Cedar Rapids, IA","IA",173,912,0.001156,0.008806,-0.006571,107092
2019-09-30,"Merced, CA","CA",174,1345,0.004052,0.032179,0.046405,68813
2019-09-30,"Wilmington, NC","NC",175,1446,0.000437,0.000917,0.083027,117825
2019-09-30,"Kennewick, WA","WA",176,1373,0.011764,0.048043,0.052102,84147
2019-09-30,"Greeley, CO","CO",177,1626,0.008609,0.027518,0.042338,110578
2019-09-30,"Waco, TX","TX",178,996,-0.01031,0.000023,-0.018925,72309
2019-09-30,"Olympia, WA","WA",179,1603,0.005866,0.025378,0.033777,92966
2019-09-30,"Amarillo, TX","TX",180,816,0.000576,-0.00493,-0.089413,87369
2019-09-30,"Binghamton, NY","NY",181,922,0.006624,0.027381,-0.060759,81271
2019-09-30,"Hagerstown, WV","MD",182,1097,0.009457,0.023199,0.018703,94127
2019-09-30,"Bremerton, WA","WA",183,1737,0.010911,0.039875,0.063761,96247
2019-09-30,"Laredo, TX","TX",184,1065,-0.003737,0.018503,0.007639,50256
2019-09-30,"Lynchburg, VA","VA",185,947,-0.009505,-0.010587,-0.036282,95425
2019-09-30,"Yakima, WA","WA",186,1208,0.005012,0.036435,0.094948,68919
2019-09-30,"Crestview-Fort Walton Beach-Destin, FL","FL",187,1623,0.008417,0.037307,0.104566,139167
2019-09-30,"Topeka, KS","KS",188,837,0.002241,0.008718,-0.008085,86738
2019-09-30,"Macon-Bibb County, GA","GA",189,880,0.003978,0.024799,0.041929,81801
2019-09-30,"Champaign-Urbana, IL","IL",190,971,-0.001579,-0.00422,-0.02401,43285
2019-09-30,"Tuscaloosa, AL","AL",191,1096,-0.015469,-0.028561,0.024604,65422
2019-09-30,"College Station, TX","TX",192,1135,-0.007175,-0.017356,-0.02749,69676
2019-09-30,"Sioux Falls, SD","SD",193,976,0.000514,0.010889,-0.005932,70693
2019-09-30,"Charleston, WV","WV",194,787,-0.006825,-0.015578,-0.045451,79436
2019-09-30,"Appleton, WI","WI",195,1101,-0.001256,0.004196,0.065348,28113
2019-09-30,"Chico, CA","CA",196,1625,0.009495,0.041774,0.187646,56228
2019-09-30,"Charlottesville, VA","VA",197,1476,0.004266,0.015427,0.038141,87417
2019-09-30,"Claremont, NH","NH",198,1560,-0.001593,0.01075,0.11054,79001
2019-09-30,"Barnstable Town, MA","MA",199,2013,-0.015157,0.007879,0.078135,176756
2019-09-30,"Longview, TX","TX",200,1039,0.003001,0.013044,0.025461,59504
2019-09-30,"Burlington, VT","VT",201,1807,0.010431,-0.009763,0.000941,49782
2019-09-30,"Prescott, AZ","AZ",202,1460,0.000947,0.012189,0.080343,92625
2019-09-30,"Springfield, IL","IL",203,815,0.004756,0.017567,0.044834,2952
2019-09-30,"Tyler, TX","TX",204,1070,-0.00253,0.009557,0.010076,73937
2019-09-30,"Las Cruces, NM","NM",205,958,-0.000735,0.009009,0.046337,62322
2019-09-30,"Fargo, ND","ND",206,920,-0.007744,-0.041224,-0.1139,42904
2019-09-30,"Houma, LA","LA",207,972,0.010658,0.032237,-0.04416,17651
2019-09-30,"Rochester, MN","MN",208,1203,0.000126,0.003926,0.019094,81297
2019-09-30,"Florence, SC","SC",209,1052,-0.0058,0.007404,0.041352,47283
2019-09-30,"Medford, OR","OR",210,1452,0.004202,0.015895,-0.000204,73072
2019-09-30,"Lafayette-West Lafayette, IN","IN",211,1014,0.016595,0.021232,0.041591,62861
2019-09-30,"Bellingham, WA","WA",212,1557,0.009373,0.014556,0.072361,76700
2019-09-30,"Lake Havasu City, AZ","AZ",213,1260,0.024975,0.04052,0.083162,48945
2019-09-30,"Saginaw, MI","MI",214,728,0.001498,0.014591,-0.019613,68505
2019-09-30,"Lake Charles, LA","LA",215,1155,-0.009789,-0.01922,-0.042864,8133
2019-09-30,"Johnson City, TN","TN",216,893,-0.004328,0.007506,0.046231,74489
2019-09-30,"Elkhart, IN","IN",217,916,-0.007388,-0.005606,0.024618,60679
2019-09-30,"Yuma, AZ","AZ",218,921,0.007933,0.020475,0.029183,47459
2019-09-30,"Racine, WI","WI",219,1154,0.012709,0.045309,0.067793,52596
2019-09-30,"Athens, GA","GA",220,1146,0.006312,0.020451,0.0367,70848
2019-09-30,"Torrington, CT","CT",221,1253,0.001174,0.006678,0.022413,101064
2019-09-30,"St. Cloud, MN","MN",222,993,0.006656,0.024801,-0.021345,63405
2019-09-30,"Hilton Head Island, SC","SC",223,1720,0.000205,0.009186,0.015461,99448
2019-09-30,"Bloomington, IL","IL",224,731,-0.024912,-0.05567,-0.0745,24599
2019-09-30,"Hilo, HI","HI",225,1748,-0.006549,-0.011099,0.037564,89769
2019-09-30,"Panama City, FL","FL",226,1799,-0.008665,0.026174,0.309884,100921
2019-09-30,"Kingston, NY","NY",227,1546,0.006332,0.010616,-0.033408,69481
2019-09-30,"Daphne, AL","AL",228,1383,0.003679,0.009599,0.024968,94603
2019-09-30,"Gainesville, GA","GA",229,1270,0.003711,0.021639,0.04314,70132
2019-09-30,"Warner Robins, GA","GA",230,945,0.007093,0.030233,0.049287,67792
2019-09-30,"Blacksburg, VA","VA",231,1253,0.004148,0.018057,0.082712,35944
2019-09-30,"Jacksonville, NC","NC",232,973,0.005675,0.028651,0.07134,73882
2019-09-30,"Redding, CA","CA",233,1430,0.00008,0.011033,0.121287,52604
2019-09-30,"Monroe, LA","LA",234,940,0.002509,0.011015,0.004314,30571
2019-09-30,"Joplin, MO","MO",235,835,0.000825,0.016174,0.027675,68081
2019-09-30,"El Centro, CA","CA",236,1007,0.021793,0.042993,0.025503,1832
2019-09-30,"Terre Haute, IN","IN",237,766,0.000381,-0.007685,-0.020068,59424
2019-09-30,"Muskegon, MI","MI",238,839,0.006734,0.018928,0.033312,54254
2019-09-30,"East Stroudsburg, PA","PA",239,1305,0.005685,0.022209,0.055164,92093
2019-09-30,"Sioux City, IA","IA",240,969,-0.001732,0.000521,0.031008,59236
2019-09-30,"Greenville, NC","NC",241,945,-0.001816,0.01098,0.050364,54203
2019-09-30,"Waterloo, IA","IA",242,886,-0.010645,-0.024119,0.010148,66306
2019-09-30,"Oshkosh, WI","WI",243,877,0.006137,-0.012801,0.07921,33891
2019-09-30,"Yuba City, CA","CA",244,1459,0.00465,0.029834,0.082037,47437
2019-09-30,"Abilene, TX","TX",245,982,-0.000796,0.017128,0.031893,56217
2019-09-30,"Columbia, MO","MO",246,927,0.0032,0.017702,-0.002443,57337
2019-09-30,"Dover, DE","DE",247,1251,-0.000242,0.002844,0.029358,59604
2019-09-30,"Eau Claire, WI","WI",248,1022,0.000134,0.003637,0.054262,26332
2019-09-30,"Janesville, WI","WI",249,899,-0.006036,-0.001946,0.093243,25819
2019-09-30,"Jackson, MI","MI",250,874,0.006428,0.029092,0.053882,16969
2019-09-30,"Punta Gorda, FL","FL",251,1498,-0.00586,-0.02903,-0.015162,102857
2019-09-30,"Bloomington, IN","IN",252,1215,-0.004354,0.002602,0.058771,51937
2019-09-30,"Pueblo, CO","CO",253,1077,0.003119,0.00905,0.023939,59869
2019-09-30,"Billings, MT","MT",254,1151,-0.002042,0.012821,0.019185,58870
2019-09-30,"Bowling Green, KY","KY",255,1018,0.0045,0.03027,-0.026791,46710
2019-09-30,"Bend, OR","OR",256,1742,0.007849,0.026556,0.055025,90818
2019-09-30,"Albany, GA","GA",257,752,0.004249,0.007968,-0.015377,50500
2019-09-30,"Vineland, NJ","NJ",258,1223,0.00167,0.005813,0.004102,45199
2019-09-30,"Niles, MI","MI",259,1245,0.020898,0.039446,0.035372,52916
2019-09-30,"Kahului, HI","HI",260,2760,-0.012712,-0.029831,0.017434,64258
2019-09-30,"Ottawa, IL","IL",261,942,-0.00264,0.002367,0.054692,36988
2019-09-30,"State College, PA","PA",262,1297,-0.004538,-0.007388,0.046355,44080
2019-09-30,"Bangor, ME","ME",263,1232,-0.017245,-0.022487,0.051769,33879
2019-09-30,"Alexandria, LA","LA",264,875,0.004513,0.001133,-0.025163,27606
2019-09-30,"Decatur, AL","AL",265,807,0.00885,0.022605,0.002585,49515
2019-09-30,"Hanford, CA","CA",266,1248,0.011384,0.038866,0.060204,34329
2019-09-30,"Iowa City, IA","IA",267,1089,-0.001993,0.000124,-0.005828,67013
2019-09-30,"Rocky Mount, NC","NC",268,705,0.01316,0.042485,0.007468,47872
2019-09-30,"Monroe, MI","MI",269,1008,0.007548,0.02025,-0.001108,33105
2019-09-30,"Wichita Falls, TX","TX",270,800,-0.004348,-0.014042,0.039238,47810
2019-09-30,"Burlington, NC","NC",271,964,0.006392,0.02766,0.04233,52327
2019-09-30,"Madera, CA","CA",272,1309,0.008483,0.013432,0.010618,39936
2019-09-30,"Jefferson City, MO","MO",273,742,-0.007991,-0.021253,-0.085947,53306
2019-09-30,"Chambersburg, PA","PA",274,938,-0.006821,0.00072,0.01095,41366
2019-09-30,"Texarkana, TX","TX",275,824,-0.002774,-0.018016,0.000374,32885
2019-09-30,"Elizabethtown, KY","KY",276,831,0.002277,0.0132,0.006668,43773
2019-09-30,"Pottsville, PA","PA",277,786,0.021194,0.054856,0.081602,58731
2019-09-30,"Wheeling, OH","OH",278,940,-0.025024,-0.063201,0.006102,52004
2019-09-30,"Florence, AL","AL",279,833,0.005808,0.038486,-0.013333,54503
2019-09-30,"Grand Junction, CO","CO",280,1223,0.004661,0.013086,0.046646,59411
2019-09-30,"Concord, NH","NH",281,1545,0.018676,0.050283,0.08911,55691
2019-09-30,"Dothan, AL","AL",282,866,0.001681,0.008994,0.007698,53652
2019-09-30,"Santa Fe, NM","NM",283,1909,0.014456,0.041411,0.042224,56562
2019-09-30,"Johnstown, PA","PA",284,630,0.005681,0.022333,-0.008685,34596
2019-09-30,"Traverse City, MI","MI",285,1344,0.005395,0.018849,-0.004157,51955
2019-09-30,"Hattiesburg, MS","MS",286,934,-0.00508,-0.004882,0.020002,45838
2019-09-30,"Dalton, GA","GA",287,1015,0.046778,0.150582,-0.084483,39536
2019-09-30,"Midland, TX","TX",288,1998,-0.004124,-0.004277,0.101558,48475
2019-09-30,"Homosassa Springs, FL","FL",289,1144,0.008756,0.028162,0.053004,66195
2019-09-30,"Auburn, AL","AL",290,1108,-0.003697,-0.005126,0.03433,55778
2019-09-30,"Valdosta, GA","GA",291,882,0.003406,0.025219,0.039008,43025
2019-09-30,"Coeur d'Alene, ID","ID",292,1462,0.011066,0.035347,0.065877,71061
2019-09-30,"Springfield, OH","OH",293,761,0.012516,0.039776,0.02917,48946
2019-09-30,"St. George, UT","UT",294,1450,0.003252,0.003306,0.00735,72960
2019-09-30,"Vero Beach, FL","FL",295,1558,-0.000021,0.003046,0.035116,78861
2019-09-30,"Odessa, TX","TX",296,1925,-0.017231,-0.038586,0.031654,39336
2019-09-30,"Napa, CA","CA",297,2892,0.003482,0.006068,0.015322,42393
2019-09-30,"Tupelo, MS","MS",298,947,0.001306,-0.019283,0.031151,3718
2019-09-30,"Battle Creek, MI","MI",299,887,0.000006,0.014361,0.051104,4761
2019-09-30,"Jamestown, NY","NY",300,818,-0.005154,-0.043901,-0.075657,51625
2019-09-30,"Eureka, CA","CA",301,1509,-0.001686,0.008418,-0.010007,14594
2019-09-30,"Rapid City, SD","SD",302,1050,-0.004863,-0.010835,-0.061368,48379
2019-09-30,"Flagstaff, AZ","AZ",303,1702,0.013031,0.040791,0.018464,40041
2019-09-30,"Lumberton, NC","NC",304,767,0.009454,0.035388,-0.037755,25614
2019-09-30,"Wausau, WI","WI",305,870,-0.007882,-0.013943,0.102896,14928
2019-09-30,"La Crosse, WI","WI",306,1178,0.020016,0.073375,0.009613,23606
2019-09-30,"Lebanon, PA","PA",307,1056,0.009699,0.034788,0.034535,48452
2019-09-30,"Idaho Falls, ID","ID",308,1062,0.012631,0.017073,0.044991,48294
2019-09-30,"Sierra Vista, AZ","AZ",309,886,0.001969,0.000049,0.016717,40042
2019-09-30,"Pittsfield, MA","MA",310,1271,-0.000935,-0.008019,0.042988,55614
2019-09-30,"Lawton, OK","OK",311,724,0.00148,0.00693,0.017048,43076
2019-09-30,"Farmington, NM","NM",312,978,-0.002383,0.007016,-0.036655,28719
2019-09-30,"Jackson, TN","TN",313,871,-0.002564,0.019458,0.016388,46320
2019-09-30,"Morgantown, WV","WV",314,1114,0.003972,0.011453,0.02657,45932
2019-09-30,"Glens Falls, NY","NY",315,1252,-0.002028,-0.022733,-0.197073,55254
2019-09-30,"Winchester, VA","VA",316,1200,0.001443,0.00948,0.001713,54665
2019-09-30,"St. Joseph, MO","MO",317,796,0.002703,-0.002838,0.012115,45364
2019-09-30,"Altoona, PA","PA",318,710,0.003846,-0.002827,-0.08272,4310
2019-09-30,"New Bern, NC","NC",319,992,-0.012257,-0.024701,0.053916,48541
2019-09-30,"Carbondale, IL","IL",320,709,-0.004234,-0.006855,-0.08321,42111
2019-09-30,"London, KY","KY",321,829,-0.00073,-0.012113,-0.004502,29181
2019-09-30,"Logan, ID","UT",322,1024,0.014737,0.01373,-0.00387,45704
2019-09-30,"Harrisonburg, VA","VA",323,1126,0.008083,0.029004,-0.005305,39791
2019-09-30,"Beckley, WV","WV",324,804,0.001995,0.01642,0.022034,45786
2019-09-30,"Mansfield, OH","OH",325,743,0.002897,-0.004093,-0.03892,46328
2019-09-30,"Weirton, OH","OH",326,762,0.008522,0.023479,0.070931,39527
2019-09-30,"Goldsboro, NC","NC",327,1013,0.003099,-0.00561,-0.058959,37143
2019-09-30,"Augusta, ME","ME",328,1061,0.003124,0.023091,0.015881,36394
2019-09-30,"Hammond, LA","LA",329,1054,-0.00403,-0.020908,-0.001475,39069
2019-09-30,"Jonesboro, AR","AR",330,790,0.001817,0.00643,0.015409,13333
2019-09-30,"Sherman, TX","TX",331,1147,0.000354,0.014958,0.042594,47067
2019-09-30,"Anniston, AL","AL",332,746,0.010553,0.03503,0.007427,41591
2019-09-30,"Staunton, VA","VA",333,1143,-0.001976,-0.003649,0.004502,45008
2019-09-30,"Muncie, IN","IN",334,843,0.003789,0.008227,0.05348,42724
2019-09-30,"Mount Vernon, WA","WA",335,1697,0.011191,0.041552,0.039231,43634
2019-09-30,"Albany, OR","OR",336,1345,0.024397,0.053031,0.055553,36996
2019-09-30,"Watertown, NY","NY",337,1096,-0.001799,0.004774,-0.00996,37982
2019-09-30,"Williamsport, PA","PA",338,847,-0.00109,0.004174,-0.012043,36510
2019-09-30,"Cleveland, TN","TN",339,951,0.017832,0.043935,0.051973,41771
2019-09-30,"Sheboygan, WI","WI",340,977,-0.012973,0.033395,-0.048983,20272
2019-09-30,"Bismarck, ND","ND",341,1096,0.017457,0.016724,-0.032884,31821
2019-09-30,"Owensboro, KY","KY",342,803,-0.002677,-0.013811,-0.053175,40691
2019-09-30,"Dunn, NC","NC",343,1078,0.0128,0.033652,0.001841,43596
2019-09-30,"Wooster, OH","OH",344,887,0.032963,0.073525,0.047203,35905
2019-09-30,"Morristown, TN","TN",345,1025,0.027375,0.063833,0.032641,42879
2019-09-30,"Kankakee, IL","IL",346,1047,0.000168,0.040744,0.119052,3629
2019-09-30,"Brunswick, GA","GA",347,1436,-0.010073,-0.012083,0.0414,50773
2019-09-30,"Ogdensburg, NY","NY",348,1028,-0.048941,-0.08793,-0.071004,35502
2019-09-30,"San Angelo, TX","TX",349,1098,-0.010952,0.001526,0.002195,39732
2019-09-30,"Michigan City, IN","IN",350,957,0.012559,0.02938,0.063411,42079
2019-09-30,"Holland, MI","MI",351,1076,0.020109,0.044386,-0.045199,38525
2019-09-30,"Wenatchee, WA","WA",352,1563,0.005482,0.001757,0.042223,39594
2019-09-30,"Lawrence, KS","KS",353,1044,-0.007844,-0.020392,0.0246,40073
2019-09-30,"Decatur, IL","IL",354,788,-0.004019,-0.00325,-0.037813,33855
2019-09-30,"Missoula, MT","MT",355,1274,0.008288,0.018994,0.01565,37542
2019-09-30,"Salem, OH","OH",356,762,0.004839,0.042975,0.031572,34618
2019-09-30,"Bay City, MI","MI",357,844,0.018986,0.016583,0.071959,11257
2019-09-30,"Lewiston, ME","ME",358,1051,-0.005806,-0.012691,0.008237,32395
2019-09-30,"Roseburg, OR","OR",359,1167,0.023139,0.044551,0.081978,37343
2019-09-30,"Sumter, SC","SC",360,888,0.009975,0.037606,0.014187,33742
2019-09-30,"Meridian, MS","MS",361,830,0.005823,0.019226,0.019657,2847
2019-09-30,"Show Low, AZ","AZ",362,1154,0.005145,0.01747,0.015751,34532
2019-09-30,"Bluefield, WV","WV",363,776,-0.004864,-0.022551,-0.038205,35841
2019-09-30,"Danville, VA","VA",364,835,-0.011713,-0.032038,-0.121239,34513
2019-09-30,"Lima, OH","OH",365,826,-0.003838,-0.026003,0.020467,35471
2019-09-30,"Cookeville, TN","TN",366,931,-0.001359,0.010299,0.009899,37894
2019-09-30,"California-Lexington Park, MD","MD",367,1460,0.003182,0.014624,-0.0028,38443
2019-09-30,"Gadsden, AL","AL",368,680,-0.027322,-0.072761,-0.111206,36905
2019-09-30,"Cumberland, MD","MD",369,764,-0.009858,-0.043698,-0.111475,38320
2019-09-30,"Longview, WA","WA",370,1177,-0.011729,-0.017295,0.03603,33927
2019-09-30,"Whitewater, WI","WI",371,1329,0.001919,0.022504,0.041139,4360
2019-09-30,"Fond du Lac, WI","WI",372,841,-0.004319,0.006127,0.073124,18466
2019-09-30,"Ithaca, NY","NY",373,1496,-0.001371,-0.022903,0.031688,24376
2019-09-30,"Ashtabula, OH","OH",374,755,-0.005843,-0.0542,-0.150874,38051
2019-09-30,"Gettysburg, PA","PA",375,1153,-0.00456,-0.012586,-0.037713,39466
2019-09-30,"Pine Bluff, AR","AR",376,698,0.010589,0.025313,-0.052502,28063
2019-09-30,"Tullahoma, TN","TN",377,1028,0.004786,0.00231,0.049536,38095
2019-09-30,"Richmond, KY","KY",378,796,0.000946,-0.002063,-0.037039,7564
2019-09-30,"Adrian, MI","MI",379,894,0.009478,0.014721,-0.101555,34580
2019-09-30,"Twin Falls, ID","ID",380,1093,0.013745,0.062415,0.030779,36596
2019-09-30,"Corning, NY","NY",381,1030,-0.023398,-0.052627,-0.053945,33453
2019-09-30,"Sebring, FL","FL",382,1015,0.002079,0.00721,0.013356,40580
2019-09-30,"Truckee, CA","CA",383,1952,0.009523,0.001882,0.057778,88363
2019-09-30,"Paducah, KY","KY",384,893,0.009543,0.020861,-0.026209,23216
2019-09-30,"Grand Forks, ND","ND",385,906,0.001278,0.021469,-0.044375,31138
2019-09-30,"Shelby, NC","NC",386,864,0.03277,0.046571,0.032867,35751
2019-09-30,"Fairbanks, AK","AK",387,1517,0.002686,0.011721,-0.012988,30329
2019-09-30,"Ocean City, NJ","NJ",388,1802,-0.041132,-0.010138,0.010604,102557
2019-09-30,"Mankato, MN","MN",389,1141,0.001972,-0.003707,-0.021053,33244
2019-09-30,"Rome, GA","GA",390,899,-0.009647,0.005049,-0.012433,34361
2019-09-30,"Cape Girardeau, MO","MO",391,840,0.013572,0.021196,-0.036558,30298
2019-09-30,"Hot Springs, AR","AR",392,928,0.0073,0.034767,0.046903,46316
2019-09-30,"Greenwood, SC","SC",393,880,0.00741,0.029858,-0.016365,31945
2019-09-30,"Sunbury, PA","PA",394,661,-0.001615,-0.027424,-0.086116,1667
2019-09-30,"Clarksburg, WV","WV",395,956,-0.014454,-0.01546,0.116577,35719
2019-09-30,"Victoria, TX","TX",396,1279,-0.000803,0.016808,0.011592,29648
2019-09-30,"Talladega, AL","AL",397,831,0.016855,0.018974,-0.062821,25760
2019-09-30,"Dubuque, IA","IA",398,950,-0.015018,-0.030728,-0.012699,34427
2019-09-30,"The Villages, FL","FL",399,1539,-0.011712,-0.055589,-0.068389,63396
2019-09-30,"Albertville, AL","AL",400,923,0.005219,0.030835,0.013123,31146
2019-09-30,"Manhattan, KS","KS",401,990,-0.010814,-0.028872,-0.023692,33528
2019-09-30,"Parkersburg, WV","WV",402,850,-0.02299,-0.049224,0.05753,33463
2019-09-30,"New Philadelphia, OH","OH",403,833,0.003119,0.012885,-0.057194,33263
2019-09-30,"Orangeburg, SC","SC",404,798,0.004274,-0.017151,-0.0648,26521
2019-09-30,"Cheyenne, WY","WY",405,1203,0.01111,0.035267,0.125853,35144
2019-09-30,"New Castle, PA","PA",406,724,0.007968,0.021116,-0.00046,34950
2019-09-30,"Brainerd, MN","MN",407,1109,-0.027114,-0.057487,-0.105796,38037
2019-09-30,"Kalispell, MT","MT",408,1532,0.011531,0.03616,0.031867,44682
2019-09-30,"Sevierville, TN","TN",409,1203,0.000567,0.000793,-0.069665,50881
2019-09-30,"Ames, IA","IA",410,881,-0.003765,-0.014991,-0.041721,24839
2019-09-30,"Bozeman, MT","MT",411,1786,-0.004142,-0.010911,0.034084,49961
2019-09-30,"Moses Lake, WA","WA",412,1105,0.007983,0.009178,0.042307,21857
2019-09-30,"Indiana, PA","PA",413,786,0.001984,-0.005644,-0.071107,27017
2019-09-30,"Elmira, NY","NY",414,878,-0.000717,-0.019515,-0.105674,29761
2019-09-30,"Meadville, PA","PA",415,646,0.003589,-0.042258,-0.214684,2710
2019-09-30,"Beaver Dam, WI","WI",416,940,-0.004091,-0.00097,0.04001,1383
2019-09-30,"Pinehurst-Southern Pines, NC","NC",417,1290,-0.003559,-0.002204,-0.005981,44308
2019-09-30,"Ukiah, CA","CA",418,1662,0.012189,0.027651,0.027329,1820
2019-09-30,"Hermiston-Pendleton, OR","OR",419,1137,0.01108,0.021669,-0.066497,22934
2019-09-30,"Lufkin, TX","TX",420,1027,-0.000724,0.004887,0.025026,25348
2019-09-30,"Zanesville, OH","OH",421,783,-0.003305,-0.002164,-0.029803,29093
2019-09-30,"Corvallis, OR","OR",422,1715,0.004676,0.028115,0.056243,25793
2019-09-30,"Bloomsburg, PA","PA",423,975,0.004098,-0.000224,-0.050453,22787
2019-09-30,"Laurel, MS","MS",424,807,-0.000966,-0.02798,-0.056879,6553
2019-09-30,"Russellville, AR","AR",425,810,0.004752,0.011436,-0.00185,19028
2019-09-30,"Branson, MO","MO",426,896,-0.028013,-0.031603,0.01806,47804
2019-09-30,"Watertown, WI","WI",427,998,0.000577,0.001915,0.001582,1687
2019-09-30,"Midland, MI","MI",428,1074,0.015852,0.049169,0.041432,18713
2019-09-30,"Opelousas, LA","LA",429,676,-0.034288,-0.127969,-0.424232,831
2019-09-30,"Pocatello, ID","ID",430,820,0.006598,0.015105,0.023953,27687
2019-09-30,"Kokomo, IN","IN",431,754,0.002117,0.006086,0.038245,32245
2019-09-30,"Grants Pass, OR","OR",432,1415,0.022547,0.062487,0.072954,29847
2019-09-30,"Huntsville, TX","TX",433,1036,-0.000705,0.012681,-0.034157,16519
2019-09-30,"Plattsburgh, NY","NY",434,1638,0.005292,0.03491,0.020697,25336
2019-09-30,"Grand Island, NE","NE",435,1002,-0.009451,0.004017,-0.036739,27898
2019-09-30,"DuBois, PA","PA",436,811,0.001176,-0.011,-0.10801,1302
2019-09-30,"Danville, IL","IL",437,564,-0.021357,-0.043411,-0.077082,1370
2019-09-30,"Manitowoc, WI","WI",438,758,-0.011135,-0.024457,0.017282,21253
2019-09-30,"Great Falls, MT","MT",439,1094,0.000466,-0.003247,0.021356,27275
2019-09-30,"Wilson, NC","NC",440,830,-0.000612,0.022171,-0.062971,25968
2019-09-30,"Cullman, AL","AL",441,883,-0.02381,-0.042207,-0.017833,26720
2019-09-30,"Olean, NY","NY",442,788,-0.005441,-0.06747,-0.164664,30177
2019-09-30,"Auburn, NY","NY",443,921,-0.006084,-0.027149,-0.224078,26859
2019-09-30,"Portsmouth, OH","OH",444,878,-0.001037,0.009542,0.003377,24171
2019-09-30,"Athens, TX","TX",445,1201,0.006757,0.06357,0.079203,21544
2019-09-30,"Oak Harbor, WA","WA",446,1666,0.007284,0.015857,0.048383,35089
2019-09-30,"Chillicothe, OH","OH",447,918,0.054551,0.111588,-0.028711,15111
2019-09-30,"Hinesville, GA","GA",448,943,0.004228,0.023908,0.015231,29333
2019-09-30,"Somerset, PA","PA",449,744,0.008361,0.025547,-0.055196,26819
2019-09-30,"Warsaw, IN","IN",450,1223,0.018776,0.037629,0.064087,31387
2019-09-30,"Stillwater, OK","OK",451,863,-0.017626,-0.036904,-0.037339,23547
2019-09-30,"Quincy, IL","IL",452,789,0.005634,-0.004182,-0.054343,3388
2019-09-30,"Keene, NH","NH",453,1359,0.00022,0.009997,-0.03869,28992
2019-09-30,"Sandusky, OH","OH",454,1024,0.022923,0.045929,0.042641,28242
2019-09-30,"Searcy, AR","AR",455,696,0.001955,-0.005314,0.029352,24755
2019-09-30,"Columbus, IN","IN",456,1121,0.012615,0.017715,-0.037356,29280
2019-09-30,"Roanoke Rapids, NC","NC",457,952,0.002499,0.019609,0.0744,26582
2019-09-30,"Centralia, WA","WA",458,1147,0.004474,0.023821,0.042369,22085
2019-09-30,"Casper, WY","WY",459,999,0.010409,0.030063,0.07888,27819
2019-09-30,"Helena, MT","MT",460,1173,-0.003863,-0.02178,-0.030578,30926
2019-09-30,"Findlay, OH","OH",461,1071,0.035477,0.049925,0.068901,26080
2019-09-30,"Wisconsin Rapids-Marshfield, WI","WI",462,755,0.00172,0.027412,0.046338,1369
2019-09-30,"Palatka, FL","FL",463,910,-0.010269,-0.034966,0.015089,19577
2019-09-30,"Seneca, SC","SC",464,1034,0.015877,0.001326,0.026669,28067
2019-09-30,"Mount Airy, NC","NC",465,1131,0.00494,0.026663,0.041085,22832
2019-09-30,"Glenwood Springs, CO","CO",466,3690,-0.010099,-0.044562,-0.06674,34322
2019-09-30,"Key West, FL","FL",467,3070,0.002333,-0.013739,-0.050767,46469
2019-09-30,"Aberdeen, WA","WA",468,1132,0.026279,0.082673,0.180255,31361
2019-09-30,"Gallup, NM","NM",469,1118,0.007421,0.036569,0.033668,734
2019-09-30,"Port Angeles, WA","WA",470,1481,0.007755,0.024437,0.031013,30569
2019-09-30,"Greenfield Town, MA","MA",471,1391,0.009982,0.011823,-0.212348,25837
2019-09-30,"Fort Payne, AL","AL",472,832,0.00769,0.024323,-0.067298,19094
2019-09-30,"Muskogee, OK","OK",473,603,0.003237,0.006433,-0.135944,20789
2019-09-30,"Frankfort, KY","KY",474,845,-0.002148,-0.012264,-0.050102,16675
2019-09-30,"Owosso, MI","MI",475,787,0.014998,0.00088,-0.179644,6681
2019-09-30,"Mount Pleasant, MI","MI",476,751,-0.014263,-0.027573,-0.041276,6370
2019-09-30,"Statesboro, GA","GA",477,873,-0.016036,-0.039865,-0.059571,22914
2019-09-30,"Marion, IN","IN",478,676,-0.000056,-0.017409,-0.117425,23990
2019-09-30,"Stevens Point, WI","WI",479,778,-0.009383,-0.060872,-0.184106,7452
2019-09-30,"Minot, ND","ND",480,920,0.014623,0.030784,-0.050075,3863
2019-09-30,"Shawnee, OK","OK",481,813,0.004471,0.009945,-0.009787,23099
2019-09-30,"North Wilkesboro, NC","NC",482,1141,-0.000536,0.011062,0.061973,22305
2019-09-30,"Richmond, IN","IN",483,792,0.003623,0.021302,-0.016484,24898
2019-09-30,"Greeneville, TN","TN",484,789,0.005132,-0.003449,-0.067129,26268
2019-09-30,"Martinsville, VA","VA",485,898,0.000222,0.006168,-0.021653,24463
2019-09-30,"Forest City, NC","NC",486,1044,-0.041829,-0.032688,0.00453,32226
2019-09-30,"Lake City, FL","FL",487,1094,0.00411,0.010326,0.020895,16685
2019-09-30,"Kapaa, HI","HI",488,2463,0.002353,0.011813,0.111783,28582
2019-09-30,"Marquette, MI","MI",489,1300,-0.043189,-0.09646,0.027488,27426
2019-09-30,"LaGrange, GA","GA",490,922,0.016434,0.068586,0.148431,25319
2019-09-30,"Marion, OH","OH",491,896,0.001769,0.016409,0.09022,24603
2019-09-30,"Morehead City, NC","NC",492,1375,-0.001792,0.016044,0.108357,45190
2019-09-30,"Klamath Falls, OR","OR",493,988,0.001305,-0.010873,0.040503,23617
2019-09-30,"Marinette, WI","WI",494,907,-0.001963,0.000214,0.012503,2784
2019-09-30,"Roswell, NM","NM",495,1090,0.008988,0.037786,0.108513,17454
2019-09-30,"Marshall, TX","TX",496,943,-0.00756,0.008004,0.013638,23210
2019-09-30,"Farmington, MO","MO",497,766,-0.010421,-0.0292,-0.02014,23306
2019-09-30,"Charleston, IL","IL",498,602,0.000825,-0.029678,-0.166359,918
2019-09-30,"Athens, OH","OH",499,740,-0.020762,-0.01033,-0.140174,11858
2019-09-30,"Hobbs, NM","NM",500,1250,0.013738,0.066159,0.320198,8585
2019-09-30,"Clearlake, CA","CA",501,1416,0.006368,0.024972,-0.010467,30254
2019-09-30,"Nacogdoches, TX","TX",502,921,0.005851,0.003338,-0.093479,5087
2019-09-30,"Hutchinson, KS","KS",503,788,0.003019,0.001536,-0.019583,23704
2019-09-30,"Faribault, MN","MN",504,1169,0.001546,-0.039591,-0.062103,21644
2019-09-30,"Elizabeth City, NC","NC",505,984,0.009243,0.0144,0.010157,25545
2019-09-30,"Ionia, MI","MI",506,830,0.016292,0.031393,-0.220815,13400
2019-09-30,"Alamogordo, NM","NM",507,948,0.00448,0.006727,0.004714,20590
2019-09-30,"Red Bluff, CA","CA",508,1276,0.002226,0.017763,0.12291,19109
2019-09-30,"Hudson, NY","NY",509,1778,0.015997,0.068282,0.074192,28743
2019-09-30,"Somerset, KY","KY",510,733,-0.025153,-0.024528,-0.095031,22717
2019-09-30,"Coos Bay, OR","OR",511,1251,0.031648,0.065372,-0.03338,22477
2019-09-30,"Walla Walla, WA","WA",512,1330,0.00589,0.029802,0.135473,20082
2019-09-30,"Sayre, PA","PA",513,1016,-0.004288,0.047294,0.002742,19344
2019-09-30,"Oneonta, NY","NY",514,1394,0.031939,0.147464,-0.008054,22192
2019-09-30,"Fort Madison, IA","IA",515,806,-0.006302,-0.010762,-0.04792,14035
2019-09-30,"Baraboo, WI","WI",516,932,0.008254,0.036242,-0.004618,2421
2019-09-30,"Marietta, OH","OH",517,1070,0.003752,0.046121,-0.021092,15195
2019-09-30,"Salina, KS","KS",518,787,-0.01234,-0.045468,-0.055204,22433
2019-09-30,"Rutland, VT","VT",519,1558,0.01649,0.048133,0.062295,11997
2019-09-30,"Big Stone Gap, VA","VA",520,1017,-0.00328,0.00402,0.025372,11868
2019-09-30,"Sturgis, MI","MI",521,980,0.006523,0.038842,0.0171,14170
2019-09-30,"Rio Grande City, TX","TX",522,1114,-0.002782,0.012185,0.049229,7350
2019-09-30,"Fremont, OH","OH",523,988,0.002062,0.013654,0.054699,21945
2019-09-30,"Mount Vernon, OH","OH",524,939,0.000165,0.011279,0.020011,22947
2019-09-30,"Lewiston, ID","ID",525,1239,0.002032,-0.00112,-0.046461,21498
2019-09-30,"Shelton, WA","WA",526,1372,0.005019,0.010746,0.067286,21716
2019-09-30,"Albemarle, NC","NC",527,962,0.009163,0.029523,0.046916,23475
2019-09-30,"Enid, OK","OK",528,840,-0.002144,0.014239,-0.060191,23517
2019-09-30,"Jefferson, GA","GA",529,1341,0.015475,0.051179,0.098824,28684
2019-09-30,"Georgetown, SC","SC",530,1467,0.002254,0.01886,-0.012462,24708
2019-09-30,"Laconia, NH","NH",531,1375,-0.00196,0.008116,0.037072,33067
2019-09-30,"Batavia, NY","NY",532,1377,-0.001236,0.010377,0.023184,19585
2019-09-30,"Oxford, NC","NC",533,1152,0.001773,0.015202,0.044322,18468
2019-09-30,"Columbus, MS","MS",534,872,-0.006365,-0.004561,-0.015915,2506
2019-09-30,"Norwalk, OH","OH",535,950,-0.003613,0.094055,0.058139,14857
2019-09-30,"Barre, VT","VT",536,1439,0.031745,0.096275,-0.05216,17480
2019-09-30,"Kinston, NC","NC",537,822,0.069203,0.14245,0.02539,20114
2019-09-30,"Sterling, IL","IL",538,1164,0.016065,0.077969,0.152526,645
2019-09-30,"Dublin, GA","GA",539,963,-0.006864,0.022682,0.062313,17641
2019-09-30,"Vicksburg, MS","MS",540,892,-0.008577,-0.033848,-0.028423,17121
2019-09-30,"Point Pleasant, WV","WV",541,864,-0.001193,0.010563,-0.001609,18446
2019-09-30,"Sanford, NC","NC",542,886,0.008119,-0.01771,-0.078723,21974
2019-09-30,"Fergus Falls, MN","MN",543,892,-0.000499,-0.023377,-0.141448,31895
2019-09-30,"Tiffin, OH","OH",544,903,0.000757,0.005968,0.074947,21213
2019-09-30,"Fairmont, WV","WV",545,792,-0.006631,-0.012873,-0.027925,22957
2019-09-30,"Crossville, TN","TN",546,1071,0.018991,0.050333,0.046343,23862
2019-09-30,"Picayune, MS","MS",547,897,-0.001538,-0.01533,-0.020837,21007
2019-09-30,"Gloversville, NY","NY",548,983,0.001958,0.006764,-0.365524,21029
2019-09-30,"Sonora, CA","CA",549,1433,0.001247,0.004094,0.015229,47637
2019-09-30,"Gaffney, SC","SC",550,787,-0.072456,-0.18281,-0.146771,8565
2019-09-30,"Carson City, NV","NV",551,1362,0.001851,0.011736,0.030653,16405
2019-09-30,"Calhoun, GA","GA",552,1127,-0.00249,0.018271,0.046706,20224
2019-09-30,"Milledgeville, GA","GA",553,878,0.003549,0.011808,0.011314,18861
2019-09-30,"Waycross, GA","GA",554,988,-0.002627,0.00813,-0.035552,18996
2019-09-30,"Oil City, PA","PA",555,743,0.004742,0.006552,-0.237504,21506
2019-09-30,"Jasper, IN","IN",556,855,-0.015009,-0.02827,-0.025445,21316
2019-09-30,"Morgan City, LA","LA",557,778,0.019678,-0.05767,-0.214248,711
2019-09-30,"Eagle Pass, TX","TX",558,1014,-0.009291,-0.017327,-0.058386,9635
2019-09-30,"Ontario, OR","OR",559,1225,0.034493,0.124133,-0.029727,16123
2019-09-30,"Carlsbad, NM","NM",560,1783,0.025484,0.097136,0.428932,1903
2019-09-30,"Payson, AZ","AZ",561,1151,0.000717,-0.021214,-0.020558,22467
2019-09-30,"McComb, MS","MS",562,732,0.000757,-0.02943,-0.087383,14726
2019-09-30,"Rochelle, IL","IL",563,1189,0.013871,0.05551,-0.006063,14141
2019-09-30,"Scottsboro, AL","AL",564,904,0.001264,0.009409,-0.005901,16748
2019-09-30,"Danville, KY","KY",565,914,0.003421,0.015304,0.006841,9000
2019-09-30,"Ashland, OH","OH",566,660,-0.000423,-0.018637,-0.111171,19830
2019-09-30,"Natchez, MS","MS",567,839,-0.007302,-0.022805,-0.038182,824
2019-09-30,"Galesburg, IL","IL",568,972,0.006968,0.012933,-0.00249,20321
2019-09-30,"Warrensburg, MO","MO",569,830,-0.029024,-0.05065,-0.036104,17104
2019-09-30,"Kearney, NE","NE",570,1133,-0.026465,-0.02752,-0.043987,18197
2019-09-30,"Fort Polk South, LA","LA",571,761,-0.003337,0.010559,-0.054532,993
2019-09-30,"Fort Leonard Wood, MO","MO",572,845,0.009521,0.030865,0.030615,13225
2019-09-30,"Glasgow, KY","KY",573,827,-0.000364,0.005945,-0.008681,11661
2019-09-30,"Athens, TN","TN",574,898,0.013296,0.011551,-0.062249,18412
2019-09-30,"Edwards, CO","CO",575,3344,-0.001234,-0.008711,0.04395,33424
2019-09-30,"Fernley, NV","NV",576,1487,0.012544,0.029285,0.054795,17756
2019-09-30,"Mason City, IA","IA",577,786,0.010283,0.051724,0.07695,18889
2019-09-30,"Malone, NY","NY",578,1520,0.002083,0.015259,0.002862,15647
2019-09-30,"Winona, MN","MN",579,895,0.013031,0.003527,-0.016475,17030
2019-09-30,"Durango, CO","CO",580,1673,0.0022,0.009981,-0.000293,25036
2019-09-30,"Platteville, WI","WI",581,916,-0.052053,-0.014196,0.040282,1794
2019-09-30,"Greenville, MS","MS",582,943,-0.013478,0.003393,-0.035269,355
2019-09-30,"Boone, NC","NC",583,1396,0.023481,0.06662,0.114358,30573
2019-09-30,"Bartlesville, OK","OK",584,859,0.011088,0.035781,0.063895,19927
2019-09-30,"Jacksonville, TX","TX",585,1246,0.004819,0.041714,0.172708,8523
2019-09-30,"Elko, NV","NV",586,1243,0.004154,0.005726,0.046156,12644
2019-09-30,"Rexburg, ID","ID",587,1036,0.018332,0.031663,0.045599,16071
2019-09-30,"St. Marys, GA","GA",588,1121,0.004068,0.033957,0.071833,22609
2019-09-30,"Ozark, AL","AL",589,812,-0.006106,-0.026448,-0.086246,15742
2019-09-30,"Amsterdam, NY","NY",590,856,-0.005645,-0.012305,-0.228562,16922
2019-09-30,"Enterprise, AL","AL",591,926,0.015195,0.035972,0.016473,20817
2019-09-30,"Paris, TX","TX",592,857,0.002357,0.030878,-0.362272,8459
2019-09-30,"Kerrville, TX","TX",593,1314,0.011924,0.029202,-0.019851,13568
2019-09-30,"New Castle, IN","IN",594,705,-0.010026,-0.012281,-0.038857,18922
2019-09-30,"Sidney, OH","OH",595,897,0.002006,-0.001916,-0.012748,14251
2019-09-30,"Cortland, NY","NY",596,1043,-0.003528,-0.012338,-0.117647,14683
2019-09-30,"Clinton, IA","IA",597,707,0.023558,0.018206,-0.229943,9142
2019-09-30,"Del Rio, TX","TX",598,1130,0.011333,0.026979,0.043333,11774
2019-09-30,"Clovis, NM","NM",599,868,-0.01166,-0.023823,-0.067749,4809
2019-09-30,"Norfolk, NE","NE",600,915,0.022069,0.031117,-0.096566,17196
2019-09-30,"Washington, NC","NC",601,1068,-0.001622,-0.000209,-0.013657,19128
2019-09-30,"Corsicana, TX","TX",602,1038,0.015469,0.039904,-0.02271,15020
2019-09-30,"Freeport, IL","IL",603,616,-0.011181,-0.07007,-0.276205,12559
2019-09-30,"Starkville, MS","MS",604,918,-0.003035,-0.01072,-0.013183,2578
2019-09-30,"Burlington, IA","IA",605,865,-0.005388,-0.011135,-0.03088,18088
2019-09-30,"Cadillac, MI","MI",606,935,0.00317,0.004737,0.028149,4215
2019-09-30,"Ardmore, OK","OK",607,841,-0.013367,-0.018341,-0.01729,17205
2019-09-30,"Kendallville, IN","IN",608,938,0.003278,0.012291,0.034367,16236
2019-09-30,"Nogales, AZ","AZ",609,900,-0.058149,-0.182903,-0.175521,14781
2019-09-30,"Oxford, MS","MS",610,1255,-0.010318,-0.00795,-0.030678,7006
2019-09-30,"Bogalusa, LA","LA",611,1175,-0.006584,-0.011254,0.034426,642
2019-09-30,"Plymouth, IN","IN",612,1053,0.001024,0.016492,0.070646,17674
2019-09-30,"Gardnerville Ranchos, NV","NV",613,1859,0.012889,0.031364,0.035938,23456
2019-09-30,"Tahlequah, OK","OK",614,778,-0.010935,-0.012011,-0.045601,14204
2019-09-30,"Madisonville, KY","KY",615,784,-0.001262,0.001091,-0.010024,15243
2019-09-30,"Cañon City, CO","CO",616,1179,0.018086,0.054865,0.042214,29246
2019-09-30,"Ruston, LA","LA",617,973,-0.000851,0.003442,-0.018979,12572
2019-09-30,"Hillsdale, MI","MI",618,820,-0.011654,-0.018336,-0.257497,12174
2019-09-30,"Lewistown, PA","PA",619,974,0.001383,0.027445,0.140204,11228
2019-09-30,"Rockingham, NC","NC",620,923,0.000734,0.01819,0.024398,15276
2019-09-30,"Ponca City, OK","OK",621,692,-0.034858,-0.072585,-0.124067,16462
2019-09-30,"Blytheville, AR","AR",622,821,-0.000567,0.003402,0.011527,810
2019-09-30,"Red Wing, MN","MN",623,1098,-0.021262,-0.050552,-0.153509,2852
2019-09-30,"Shawano, WI","WI",624,969,0.008101,0.021226,0.062603,4084
2019-09-30,"Cedar City, UT","UT",625,1049,0.007641,0.011804,0.041963,5675
2019-09-30,"Bedford, IN","IN",626,952,0.00071,0.021274,0.088449,18229
2019-09-30,"Gillette, WY","WY",627,1069,0.018188,0.001924,-0.020671,13023
2019-09-30,"Newport, OR","OR",628,1478,0.007296,0.011441,0.035442,26987
2019-09-30,"Wapakoneta, OH","OH",629,958,0.000894,0.008035,0.063918,15951
2019-09-30,"Huntingdon, PA","PA",630,948,-0.001446,0.008106,0.003524,13457
2019-09-30,"Bellefontaine, OH","OH",631,925,-0.000301,0.004188,0.025036,17844
2019-09-30,"McAlester, OK","OK",632,821,0.002929,0.01456,0.068755,16137
2019-09-30,"Blackfoot, ID","ID",633,809,0.006291,0.011457,-0.054179,2726
2019-09-30,"Moultrie, GA","GA",634,999,-0.00618,-0.010227,0.005197,6717
2019-09-30,"Henderson, NC","NC",635,786,-0.001765,-0.000284,-0.029804,13165
2019-09-30,"Coldwater, MI","MI",636,911,-0.002666,0.010082,0.041907,1156
2019-09-30,"Harrison, AR","AR",637,856,0.000764,0.003576,-0.029705,7365
2019-09-30,"Rolla, MO","MO",638,711,0.002451,0.008024,-0.044823,15969
2019-09-30,"Shelbyville, TN","TN",639,1104,0.009122,0.030696,0.053836,16828
2019-09-30,"Grand Rapids, MN","MN",640,1110,-0.02863,-0.015294,-0.025345,13661
2019-09-30,"Duncan, OK","OK",641,642,0.000578,0.005022,-0.038607,16954
2019-09-30,"Marion, NC","NC",642,1125,0.000228,0.010333,0.020022,15697
2019-09-30,"Lewisburg, PA","PA",643,1143,0.019513,0.054055,-0.078138,13689
2019-09-30,"Pullman, WA","WA",644,1232,0.005537,0.000221,-0.109592,11787
2019-09-30,"Thomasville, GA","GA",645,971,0.024008,0.004982,-0.015678,15719
2019-09-30,"Bemidji, MN","MN",646,1099,-0.034436,-0.047527,-0.103916,16388
2019-09-30,"Mount Sterling, KY","KY",647,882,0.000898,0.011617,0.001317,8300
2019-09-30,"Ottumwa, IA","IA",648,804,-0.005754,-0.010811,-0.037754,16445
2019-09-30,"Pahrump, NV","NV",649,1129,0.003643,-0.003013,-0.045658,11559
2019-09-30,"Menomonie, WI","WI",650,985,-0.023789,-0.056552,-0.003751,2034
2019-09-30,"Selma, AL","AL",651,780,0.007793,0.033895,-0.021334,12440
2019-09-30,"Rock Springs, WY","WY",652,934,0.02182,0.048378,0.009344,12213
2019-09-30,"Bucyrus, OH","OH",653,799,-0.00022,0.005075,0.029495,16472
2019-09-30,"Bradford, PA","PA",654,908,-0.002639,-0.004129,0.022173,13661
2019-09-30,"Bardstown, KY","KY",655,906,0.004029,0.010163,-0.026924,16625
2019-09-30,"Cornelia, GA","GA",656,1297,0.005889,0.027219,0.068176,14641
2019-09-30,"Burley, ID","ID",657,1002,0.019042,0.032983,0.043107,12847
2019-09-30,"Greenwood, MS","MS",658,889,0.005358,0.012907,-0.028988,11481
2019-09-30,"Big Rapids, MI","MI",659,887,-0.007104,0.003792,-0.01168,4485
2019-09-30,"Poplar Bluff, MO","MO",660,766,-0.002492,0.018192,0.011131,15515
2019-09-30,"Muscatine, IA","IA",661,756,-0.008642,-0.02555,-0.104484,15341
2019-09-30,"Alma, MI","MI",662,833,0.007586,0.027229,0.026917,1348
2019-09-30,"Durant, OK","OK",663,876,0.004039,0.008617,-0.039834,10700
2019-09-30,"Seymour, IN","IN",664,1006,0.003746,0.017273,0.079401,15071
2019-09-30,"Douglas, GA","GA",665,975,0.001422,0.019536,0.054353,9748
2019-09-30,"Willmar, MN","MN",666,982,-0.023186,-0.035229,-0.167777,16157
2019-09-30,"Auburn, IN","IN",667,894,0.004303,0.02124,0.0599,14837
2019-09-30,"Sedalia, MO","MO",668,797,0.013353,0.058617,0.027536,17806
2019-09-30,"Paragould, AR","AR",669,728,-0.006957,0.00127,-0.081359,6982
2019-09-30,"Wilmington, OH","OH",670,963,0.002034,0.009819,0.030707,12471
2019-09-30,"Lawrenceburg, TN","TN",671,980,0.009754,0.032644,0.043468,14525
2019-09-30,"Warren, PA","PA",672,885,0.001381,0.003409,0.056615,14729
2019-09-30,"El Dorado, AR","AR",673,775,0.00635,0.019437,0.026063,13110
2019-09-30,"Alexander City, AL","AL",674,936,-0.000609,0.007334,-0.009006,19164
2019-09-30,"Mountain Home, AR","AR",675,893,0.024726,0.054296,-0.036659,4793
2019-09-30,"Cedartown, GA","GA",676,1167,0.009377,0.039694,0.065165,14521
2019-09-30,"Port Clinton, OH","OH",677,1163,0.00486,0.021049,0.039816,23877
2019-09-30,"El Campo, TX","TX",678,1195,-0.012779,-0.020192,0.01304,12801
2019-09-30,"Montrose, CO","CO",679,1252,0.000833,0.022572,0.03074,15888
2019-09-30,"Ellensburg, WA","WA",680,1456,-0.008794,0.001414,0.028616,18003
2019-09-30,"Jacksonville, IL","IL",681,928,0.007035,0.021137,0.086226,5366
2019-09-30,"Sandpoint, ID","ID",682,1446,-0.001071,0.045596,0.157794,24049
2019-09-30,"Alice, TX","TX",683,1347,0.003043,0.015703,0.014694,844
2019-09-30,"Celina, OH","OH",684,1040,-0.004031,-0.008449,0.011936,14264
2019-09-30,"Garden City, KS","KS",685,907,-0.0147,-0.041351,-0.07613,11291
2019-09-30,"Marshalltown, IA","IA",686,821,-0.004116,-0.008154,-0.043729,13950
2019-09-30,"Aberdeen, SD","SD",687,920,-0.009336,0.001125,-0.002995,14669
2019-09-30,"West Plains, MO","MO",688,823,0.001224,0.02018,0.042372,3687
2019-09-30,"Cullowhee, NC","NC",689,1048,-0.042992,-0.115028,-0.092091,13625
2019-09-30,"Espa±ola, NM","NM",690,1170,-0.003474,0.007057,0.007073,1467
2019-09-30,"Riverton, WY","WY",691,918,0.018788,0.042747,0.007029,11867
2019-09-30,"Tifton, GA","GA",692,784,-0.021156,-0.060691,-0.065958,12803
2019-09-30,"Urbana, OH","OH",693,995,0.001891,0.01304,0.055297,14323
2019-09-30,"Cambridge, OH","OH",694,831,-0.000784,-0.002883,-0.060791,10507
2019-09-30,"Okeechobee, FL","FL",695,1328,-0.006514,-0.020899,-0.028405,9153
2019-09-30,"McMinnville, TN","TN",696,622,0.002713,0.021003,-0.177491,13666
2019-09-30,"Selinsgrove, PA","PA",697,790,-0.030431,-0.077493,-0.160188,977
2019-09-30,"Natchitoches, LA","LA",698,1111,-0.003014,0.004022,0.007403,612
2019-09-30,"Centralia, IL","IL",699,906,0.003325,0.009183,-0.030767,1384
2019-09-30,"Berlin, NH","NH",700,1319,0.00223,0.049873,0.114808,19608
2019-09-30,"Lock Haven, PA","PA",701,917,0.00726,0.01345,-0.008209,14032
2019-09-30,"Sikeston, MO","MO",702,792,-0.001734,0.01262,0.030239,9492
2019-09-30,"Austin, MN","MN",703,799,0.015716,0.036452,-0.025711,15708
2019-09-30,"Clewiston, FL","FL",704,1334,-0.0009,-0.002415,0.035662,7922
2019-09-30,"Pittsburg, KS","KS",705,687,-0.002467,-0.022374,-0.033601,13892
2019-09-30,"Defiance, OH","OH",706,937,-0.000305,0.005647,0.047458,14574
2019-09-30,"Scottsbluff, NE","NE",707,910,-0.00176,-0.001588,-0.076543,14483
2019-09-30,"Logansport, IN","IN",708,846,0.001055,0.01625,0.084407,13629
2019-09-30,"Pontiac, IL","IL",709,1095,0.020167,0.032537,0.063463,12503
2019-09-30,"Hannibal, MO","MO",710,822,0.005471,0.011559,-0.00288,15416
2019-09-30,"Mount Vernon, IL","IL",711,960,-0.018429,-0.017752,-0.016728,1420
2019-09-30,"Houghton, MI","MI",712,955,-0.01011,-0.006074,0.05054,2799
2019-09-30,"Union City, TN","TN",713,852,0.006863,0.040986,0.035122,12831
2019-09-30,"Sault Ste. Marie, MI","MI",714,864,0.001657,0.003828,0.016734,1716
2019-09-30,"Vincennes, IN","IN",715,887,0.008002,0.023071,0.086819,13307
2019-09-30,"Gainesville, TX","TX",716,1322,-0.001202,0.000209,-0.015666,12412
2019-09-30,"Dyersburg, TN","TN",717,643,-0.034843,-0.052019,-0.117178,13088
2019-09-30,"Kill Devil Hills, NC","NC",718,1471,0.01635,0.026878,0.0986,42310
2019-09-30,"Atmore, AL","AL",719,886,0.013668,0.022107,0.021289,11631
2019-09-30,"Crawfordsville, IN","IN",720,724,0.008593,0.011398,-0.12396,14742
2019-09-30,"Brownwood, TX","TX",721,952,-0.02414,-0.110309,-0.125256,6159
2019-09-30,"Fort Dodge, IA","IA",722,715,0.016594,0.051107,0.029327,14818
2019-09-30,"Stephenville, TX","TX",723,1120,0.003081,0.019927,0.00795,12107
2019-09-30,"Americus, GA","GA",724,1003,0.000699,0.018072,0.05166,10791
2019-09-30,"Easton, MD","MD",725,1650,0.008445,0.032524,0.057615,16844
2019-09-30,"North Platte, NE","NE",726,954,0.004603,-0.000805,-0.093814,14056
2019-09-30,"Newberry, SC","SC",727,1195,0.011636,0.038099,0.153178,5405
2019-09-30,"Ada, OK","OK",728,797,-0.000996,0.000879,0.003253,12599
2019-09-30,"Moscow, ID","ID",729,944,0.019477,-0.004142,-0.037616,1125
2019-09-30,"Safford, AZ","AZ",730,1226,0.007093,0.016949,0.044155,8278
2019-09-30,"Murray, KY","KY",731,902,-0.012049,-0.012007,-0.01241,4854
2019-09-30,"Bennington, VT","VT",732,1820,-0.009461,-0.065994,-0.203154,3695
2019-09-30,"Huntington, IN","IN",733,861,0.002218,0.020562,0.017586,14474
2019-09-30,"Mayfield, KY","KY",734,838,-0.004177,0.00713,0.011335,8300
2019-09-30,"Canton, IL","IL",735,914,0.004532,0.016878,0.039183,998
2019-09-30,"Escanaba, MI","MI",736,949,-0.000601,0.001339,0.04735,6657
2019-09-30,"Corinth, MS","MS",737,908,-0.008131,0.000973,-0.042744,10774
2019-09-30,"Astoria, OR","OR",738,1472,0.005357,-0.001275,0.013413,20329
2019-09-30,"Peru, IN","IN",739,824,0.00014,0.017977,0.054848,12362
2019-09-30,"Coshocton, OH","OH",740,891,-0.001162,0.000881,0.021851,13630
2019-09-30,"Newton, IA","IA",741,896,-0.010831,0.003106,-0.061031,14438
2019-09-30,"Logan, WV","WV",742,762,0.001267,0.014453,-0.021784,10211
2019-09-30,"Bay City, TX","TX",743,1188,0.012216,0.089474,0.04882,12884
2019-09-30,"Fremont, NE","NE",744,950,-0.012881,-0.009344,0.018276,13856
2019-09-30,"Hutchinson, MN","MN",745,911,-0.033669,-0.143068,-0.301087,12567
2019-09-30,"Batesville, AR","AR",746,762,0.00482,-0.010019,-0.096356,5497
2019-09-30,"Owatonna, MN","MN",747,1153,-0.003394,0.000311,-0.086426,13389
2019-09-30,"Vidalia, GA","GA",748,977,0.008668,0.02792,-0.005771,11008
2019-09-30,"Summit Park, UT","UT",749,2812,-0.010256,-0.029818,0.000064,35039
2019-09-30,"Arkansas City-Winfield, KS","KS",750,778,-0.000655,0.002878,0.02465,13163
2019-09-30,"Laramie, WY","WY",751,1022,0.012265,0.037313,-0.015943,12099
2019-09-30,"Plainview, TX","TX",752,1152,0.000811,0.011795,0.147672,1769
2019-09-30,"Big Spring, TX","TX",753,1208,0.004674,0.029497,0.155155,12916
2019-09-30,"Laurinburg, NC","NC",754,956,0.009902,0.043983,0.068243,9390
2019-09-30,"Dixon, IL","IL",755,735,-0.010764,-0.025928,-0.198535,13519
2019-09-30,"Alexandria, MN","MN",756,1031,-0.02961,-0.091414,-0.085405,16383
2019-09-30,"Newport, TN","TN",757,964,0.005395,0.030683,0.097106,12455
2019-09-30,"DeRidder, LA","LA",758,793,-0.044287,-0.086738,-0.224418,1069
2019-09-30,"Lebanon, MO","MO",759,779,0.005485,0.086706,0.031618,13248
2019-09-30,"Coffeyville, KS","KS",760,748,0.003473,-0.00144,-0.015568,13815
2019-09-30,"Seneca Falls, NY","NY",761,1136,-0.016831,-0.054852,-0.185964,11397
2019-09-30,"Sulphur Springs, TX","TX",762,1260,-0.003756,0.001188,0.041201,22258
2019-09-30,"Martin, TN","TN",763,853,-0.007655,0.01291,0.021326,11398
2019-09-30,"Susanville, CA","CA",764,1290,-0.077133,-0.183252,-0.093398,9634
2019-09-30,"Brookhaven, MS","MS",765,865,-0.001016,0.00365,-0.009473,473
2019-09-30,"Arcadia, FL","FL",766,1349,0.00001,0.00292,0.053634,7347
2019-09-30,"Taylorville, IL","IL",767,1037,0.010149,0.027763,0.022987,12624
2019-09-30,"Decatur, IN","IN",768,993,0.007787,0.038848,0.118839,11013
2019-09-30,"Junction City, KS","KS",769,828,-0.00389,-0.011757,-0.047178,10495
2019-09-30,"Effingham, IL","IL",770,1093,0.004809,0.009171,-0.026684,11982
2019-09-30,"Valley, AL","AL",771,843,0.005251,0.022303,-0.021325,13232
2019-09-30,"Butte, MT","MT",772,923,0.008523,0.00744,0.010556,13226
2019-09-30,"Angola, IN","IN",773,976,0.023978,-0.008804,-0.011749,17768
2019-09-30,"Cleveland, MS","MS",774,1105,0.028592,0.073693,0.114661,241
2019-09-30,"Bonham, TX","TX",775,1232,0.005968,0.021715,-0.006759,11371
2019-09-30,"Dodge City, KS","KS",776,827,-0.003872,0.001732,-0.00451,9382
2019-09-30,"Brenham, TX","TX",777,1296,0.016805,0.059853,0.028554,10514
2019-09-30,"Emporia, KS","KS",778,726,0.004731,0.015873,0.011589,11985
2019-09-30,"Pella, IA","IA",779,934,-0.01058,-0.045044,-0.104647,12705
2019-09-30,"Jackson, OH","OH",780,920,-0.00127,0.011815,0.054121,10683
2019-09-30,"Frankfort, IN","IN",781,801,-0.007444,0.098183,-0.078583,11633
2019-09-30,"Brevard, NC","NC",782,1319,0.003069,0.018631,0.051173,18587
2019-09-30,"Taos, NM","NM",783,1240,-0.001413,0.017565,0.038405,3005
2019-09-30,"Malvern, AR","AR",784,788,0.002689,0.012544,0.002101,11005
2019-09-30,"Troy, AL","AL",785,865,0.008602,0.023816,-0.056614,8241
2019-09-30,"Wabash, IN","IN",786,855,0.000269,0.007975,0.029294,12092
2019-09-30,"Cambridge, MD","MD",787,1298,-0.015373,-0.034092,-0.064354,13754
2019-09-30,"Macomb, IL","IL",788,691,0.002328,-0.000162,-0.028989,8528
2019-09-30,"Vernal, UT","UT",789,865,0.007816,0.024184,0.035038,10211
2019-09-30,"Kingsville, TX","TX",790,1012,-0.018148,-0.035576,0.058481,8808
2019-09-30,"Madison, IN","IN",791,931,0.000273,0.008261,0.090365,11732
2019-09-30,"Mount Pleasant, TX","TX",792,1286,0.003796,0.02135,0.025927,9105
2019-09-30,"Paris, TN","TN",793,917,-0.001764,0.01245,0.018057,11721
2019-09-30,"Columbus, NE","NE",794,967,-0.003939,-0.028028,-0.17267,11506
2019-09-30,"Brookings, SD","SD",795,901,-0.018206,-0.042688,0.01062,10259
2019-09-30,"Kennett, MO","MO",796,766,-0.003333,0.004394,0.014037,11160
2019-09-30,"St. Marys, PA","PA",797,906,0.001217,0.011037,-0.009408,720
2019-09-30,"Beeville, TX","TX",798,1274,-0.001179,0.008042,0.026836,2270
2019-09-30,"Miami, OK","OK",799,816,0.005072,0.021745,0.036934,10079
2019-09-30,"Dayton, TN","TN",800,993,0.008484,0.037918,0.122233,10958
2019-09-30,"Washington, IN","IN",801,975,0.008528,0.041032,0.124356,10902
2019-09-30,"Hope, AR","AR",802,778,0.000727,0.0044,0.018847,10612
2019-09-30,"Jennings, LA","LA",803,1090,0.033678,0.062856,-0.096281,617
2019-09-30,"Central City, KY","KY",804,805,0.005805,0.018884,0.006932,5264
2019-09-30,"Camden, AR","AR",805,760,0.003187,0.013027,-0.028265,10279
2019-09-30,"Hastings, NE","NE",806,941,-0.001113,-0.001192,-0.015483,11920
2019-09-30,"Juneau, AK","AK",807,1933,0.027575,0.046388,0.090169,9539
2019-09-30,"Albert Lea, MN","MN",808,778,-0.044457,-0.120039,-0.171137,12851
2019-09-30,"Lewisburg, TN","TN",809,1130,-0.001984,0.007976,0.040599,11960
2019-09-30,"Iron Mountain, MI","MI",810,917,0.000544,0.000272,0.042454,10632
2019-09-30,"Lincoln, IL","IL",811,929,0.005566,0.018968,0.044463,1040
2019-09-30,"Jesup, GA","GA",812,939,0.001467,0.012956,0.034819,8299
2019-09-30,"Kirksville, MO","MO",813,706,-0.005225,-0.034093,-0.053958,9563
2019-09-30,"Eufaula, AL","AL",814,886,-0.000558,0.009373,-0.068957,6916
2019-09-30,"Alpena, MI","MI",815,850,0.001481,0.002828,0.029698,1683
2019-09-30,"Silver City, NM","NM",816,815,-0.007227,-0.01196,-0.048254,6519
2019-09-30,"Indianola, MS","MS",817,790,-0.00182,0.004424,-0.003205,7083
2019-09-30,"Elkins, WV","WV",818,841,0.00369,-0.004178,-0.069902,10934
2019-09-30,"Las Vegas, NM","NM",819,1149,-0.000772,0.008807,0.006171,1471
2019-09-30,"McPherson, KS","KS",820,918,-0.008039,-0.014791,-0.03449,11064
2019-09-30,"Sheridan, WY","WY",821,1112,0.006067,0.068586,0.07895,14387
2019-09-30,"Washington Court House, OH","OH",822,934,-0.008673,-0.00106,0.021273,11289
2019-09-30,"Bennettsville, SC","SC",823,1065,0.010279,0.040622,0.121664,602
2019-09-30,"Van Wert, OH","OH",824,935,-0.004151,-0.003419,0.012377,7944
2019-09-30,"Merrill, WI","WI",825,932,-0.006607,-0.012258,0.017175,1359
2019-09-30,"Ludington, MI","MI",826,890,0.001706,0.001057,-0.009112,1829
2019-09-30,"Middlesborough, KY","KY",827,843,0.008352,0.025208,0.011859,4390
2019-09-30,"Crescent City, CA","CA",828,2038,0.005671,0.018716,0.045185,715
2019-09-30,"North Vernon, IN","IN",829,938,0.001372,0.010326,0.062315,8735
2019-09-30,"Hays, KS","KS",830,867,-0.013541,-0.028603,-0.142355,10930
2019-09-30,"Forrest City, AR","AR",831,715,0.001967,0.017337,0.019214,6187
2019-09-30,"Fort Morgan, CO","CO",832,1319,-0.012922,-0.051406,-0.032609,6497
2019-09-30,"Mineral Wells, TX","TX",833,1160,-0.003488,0.002101,0.047204,11343
2019-09-30,"Breckenridge, CO","CO",834,2618,0.013364,0.004643,0.021073,39090
2019-09-30,"Bastrop, LA","LA",835,992,-0.003335,0.008103,0.013613,8844
2019-09-30,"Bainbridge, GA","GA",836,1098,0.007597,0.05719,0.135706,9659
2019-09-30,"Wauchula, FL","FL",837,1311,-0.004795,-0.003149,0.005196,5582
2019-09-30,"Hailey, ID","ID",838,1375,0.00301,0.006636,-0.015284,17042
2019-09-30,"Great Bend, KS","KS",839,696,0.017435,0.023439,-0.016283,11139
2019-09-30,"Weatherford, OK","OK",840,780,-0.009914,-0.027936,-0.069632,8233
2019-09-30,"Watertown, SD","SD",841,974,0.002816,0.008051,-0.111082,10255
2019-09-30,"Grants, NM","NM",842,920,-0.007245,-0.008219,-0.070612,4023
2019-09-30,"Thomaston, GA","GA",843,1002,0.029557,0.043773,0.108895,9668
2019-09-30,"Mountain Home, ID","ID",844,1059,-0.00007,0.01749,0.001747,9599
2019-09-30,"Altus, OK","OK",845,836,0.007595,0.081283,0.161445,9314
2019-09-30,"Uvalde, TX","TX",846,1209,-0.010282,-0.003208,-0.014829,7379
2019-09-30,"Lexington, NE","NE",847,930,-0.003168,-0.008265,-0.154783,8610
2019-09-30,"Boone, IA","IA",848,742,0.000119,-0.030555,-0.043463,10522
2019-09-30,"Toccoa, GA","GA",849,1074,0.000991,0.01214,0.080264,11038
2019-09-30,"Clarksdale, MS","MS",850,814,-0.001943,-0.001455,-0.040557,6234
2019-09-30,"Summerville, GA","GA",851,1028,0.018886,0.078887,0.058352,8274
2019-09-30,"Ottawa, KS","KS",852,892,-0.019744,-0.044249,-0.006243,10016
2019-09-30,"New Ulm, MN","MN",853,1227,-0.006685,-0.016033,0.007621,9567
2019-09-30,"Marshall, MN","MN",854,1227,-0.003664,-0.002354,0.047365,672
2019-09-30,"La Grande, OR","OR",855,1151,-0.011208,-0.051321,0.03894,8210
2019-09-30,"Greensburg, IN","IN",856,1001,0.005468,0.019949,0.052545,9868
2019-09-30,"Mexico, MO","MO",857,809,0.003154,0.004975,-0.043141,9804
2019-09-30,"Moberly, MO","MO",858,841,0.008786,0.018527,0.019808,8484
2019-09-30,"The Dalles, OR","OR",859,1343,0.000323,-0.008965,0.015981,10004
2019-09-30,"Deming, NM","NM",860,821,-0.001489,-0.005376,-0.033719,1477
2019-09-30,"Fallon, NV","NV",861,1423,0.0018,0.016458,0.047612,6502
2019-09-30,"Fredericksburg, TX","TX",862,1513,-0.006136,-0.003528,0.032785,9763
2019-09-30,"Magnolia, AR","AR",863,786,0.004112,-0.005004,0.005004,6144
2019-09-30,"Campbellsville, KY","KY",864,883,-0.000012,0.00718,0.02134,4533
2019-09-30,"Connersville, IN","IN",865,801,0.009215,0.023685,0.059089,9217
2019-09-30,"Dickinson, ND","ND",866,1052,-0.008349,0.003407,-0.011421,10124
2019-09-30,"Spearfish, SD","SD",867,946,0.020124,0.031765,-0.047632,12781
2019-09-30,"Heber, UT","UT",868,2217,0.016105,0.018982,0.110065,17092
2019-09-30,"Steamboat Springs, CO","CO",869,2562,-0.000564,-0.013424,0.154617,17426
2019-09-30,"Cordele, GA","GA",870,939,-0.003792,-0.005158,-0.054894,6781
2019-09-30,"Marshall, MO","MO",871,820,0.003004,0.00686,-0.008831,1559
2019-09-30,"Maryville, MO","MO",872,828,0.005696,-0.016383,-0.070543,8268
2019-09-30,"Arkadelphia, AR","AR",873,831,0.002263,0.014449,0.052592,1756
2019-09-30,"Liberal, KS","KS",874,798,0.00318,0.00815,-0.022085,5568
2019-09-30,"Levelland, TX","TX",875,1402,0.002988,0.01745,0.002173,1485
2019-09-30,"Wahpeton, ND","ND",876,667,-0.006256,-0.078172,-0.248686,6097
2019-09-30,"Mitchell, SD","SD",877,852,0.004483,0.018575,-0.102549,7889
2019-09-30,"Sterling, CO","CO",878,1144,0.06999,0.118908,-0.029666,7222
2019-09-30,"Pampa, TX","TX",879,1089,0.006281,0.039021,0.129578,8861
2019-09-30,"Yankton, SD","SD",880,984,-0.001839,0.007978,0.038843,752
2019-09-30,"Williston, ND","ND",881,1323,0.001129,0.006867,0.033634,2976
2019-09-30,"Oskaloosa, IA","IA",882,858,-0.005873,-0.012002,-0.026222,8506
2019-09-30,"Brookings, OR","OR",883,1429,0.010618,0.024762,-0.005699,8539
2019-09-30,"Hood River, OR","OR",884,1681,0.000383,0.002754,0.044587,8252
2019-09-30,"Beatrice, NE","NE",885,935,-0.000937,0.001627,-0.04649,8207
2019-09-30,"Borger, TX","TX",886,1010,-0.008224,-0.021021,0.035855,2910
2019-09-30,"Raymondville, TX","TX",887,1076,-0.004071,0.009867,0.01643,3910
2019-09-30,"Elk City, OK","OK",888,887,-0.001043,0.009351,-0.009104,6921
2019-09-30,"Grenada, MS","MS",889,1024,0.037854,0.044928,0.053991,6874
2019-09-30,"Dumas, TX","TX",890,1191,-0.001549,0.010682,0.076168,2827
2019-09-30,"Helena, AR","AR",891,851,-0.004601,0.014863,0.033593,136
2019-09-30,"Parsons, KS","KS",892,732,0.00481,0.001987,0.012096,9491
2019-09-30,"Price, UT","UT",893,1068,-0.001314,0.002938,-0.010965,7771
2019-09-30,"Port Lavaca, TX","TX",894,1257,-0.000101,0.007895,0.006337,8696
2019-09-30,"Worthington, MN","MN",895,1037,-0.002685,-0.013421,-0.056717,2604
2019-09-30,"Pierre, SD","SD",896,886,-0.002605,-0.015566,-0.131463,6046
2019-09-30,"Evanston, WY","WY",897,979,0.01465,0.025841,-0.066381,6099
2019-09-30,"Jamestown, ND","ND",898,680,-0.010349,0.022076,-0.002342,1300
2019-09-30,"Prineville, OR","OR",899,1331,0.024257,0.051174,-0.002322,11854
2019-09-30,"Fairmont, MN","MN",900,1072,0.000295,-0.003946,-0.072811,8520
2019-09-30,"Carroll, IA","IA",901,895,-0.000711,-0.000325,-0.034436,8738
2019-09-30,"Guymon, OK","OK",902,895,0.004631,0.020289,0.067197,4277
2019-09-30,"West Point, MS","MS",903,866,0.007231,0.013008,-0.03849,6682
2019-09-30,"Ruidoso, NM","NM",904,1076,0.002934,0.027985,-0.188061,15279
2019-09-30,"Storm Lake, IA","IA",905,852,0.003099,0.008933,-0.015628,7896
2019-09-30,"Woodward, OK","OK",906,829,0.000311,0.00565,-0.012007,6453
2019-09-30,"Portales, NM","NM",907,658,-0.0042,-0.014296,-0.063614,4293
2019-09-30,"Hereford, TX","TX",908,1188,0.008974,0.035242,0.050541,1109
2019-09-30,"Brownsville, TN","TN",909,887,0.007751,0.035547,0.037117,6358
2019-09-30,"Othello, WA","WA",910,1335,0.006472,0.017533,0.04114,3342
2019-09-30,"Los Alamos, NM","NM",911,1310,0.001928,0.005387,0.027254,8092
2019-09-30,"Fitzgerald, GA","GA",912,981,0.005753,0.032978,0.038277,5454
2019-09-30,"Maysville, KY","KY",913,882,0.005852,0.016056,-0.016596,5190
2019-09-30,"Huron, SD","SD",914,880,0.003085,0.007627,-0.018628,5142
2019-09-30,"Atchison, KS","KS",915,835,-0.004987,0.00413,0.014055,6666
2019-09-30,"Snyder, TX","TX",916,1277,0.001767,0.015549,0.053205,5527
2019-09-30,"Fairfield, IA","IA",917,812,-0.002961,0.01035,0.016958,6744
2019-09-30,"Spirit Lake, IA","IA",919,1131,-0.000004,-0.001712,-0.015131,13037
2019-09-30,"Spencer, IA","IA",918,862,0.005295,0.01427,-0.037844,7103
2019-09-30,"Winnemucca, NV","NV",920,1296,0.001228,0.01345,0.042886,3493
2019-09-30,"Sweetwater, TX","TX",921,1109,-0.002856,0.00588,0.089817,2862
2019-09-30,"Andrews, TX","TX",922,1360,0.012315,0.039087,0.072081,5789
2019-09-30,"Zapata, TX","TX",923,1013,0.006613,0.021052,0.047678,3500
2019-09-30,"Vermillion, SD","SD",924,1010,-0.014427,-0.016005,0.044752,3783
2019-09-30,"Lamesa, TX","TX",925,1182,0.006295,0.032013,0.087338,3224
2019-09-30,"Craig, CO","CO",926,1666,0.006557,0.024951,0.13475,4806
2019-09-30,"Pecos, TX","TX",927,1133,0.004023,0.031432,0.148592,850
2019-09-30,"Vernon, TX","TX",928,1085,0.005015,0.038771,0.122933,4503
2019-09-30,"Ketchikan, AK","AK",929,1543,0.015631,0.027738,-0.015025,4576
